,store_name,street_address,state_name,country_name,postcode,longitude,latitude,id
9184,STIM,"de la Industria Militar 1296,, Lomas de Chamizal, Cuajimalpa",DIF,MX,5129,-99.26,19.39,0
9185,EMERSON,"Homero n.503, Col. Chapultepec Morales, Del. Miguel Hidalgo",DIF,MX,11570,-99.19,19.44,1
9186,Narvarte,"Palanque s/n, Col. Narvarte",DIF,MX,1030,-99.15,19.4,2
9187,Pasaje San Jeronimo,AV SAN JERONIMO 819 COL SAN JERONIMO,DIF,MX,10200,-99.23,19.32,3
9188,RENATO LEDUC,RENATO LEDUC 224 COL TORIELLO GUERRA,DIF,MX,14050,-99.16,19.3,4
9189,Melchor Ocampo,"Melchor Ocampo n.453 Col. Anzures, Del. Miguel Hidalgo",DIF,MX,11590,-99.18,19.42,5
9190,Forum Buenavista,"Norte Mosqueta 259, Esq. Insurgentes N, Delegacion Cuauhtemoc",DIF,MX,6350,-99.13,19.49,6
9191,Pabellon Cuemanco,"Canaverales #222, Col. Granjas Coapa, Del. Tlalpan",DIF,MX,14330,-99.11,19.29,7
9192,Via Vallejo,"Calzada Vallejo numero 1090, Colonia Industrial Vallejo",DIF,MX,2300,-99.15,19.49,8
9193,Torre Virreyes,"Pedregal #24, Colonia Molino del Rey",DIF,MX,,-99.2,19.33,9
9194,Madero II,"Av. Madero esquina Bolivar, Bolivar Centro Historico Cd Mex",DIF,MX,,-99.14,19.44,10
9195,Picacho,"Carretera Picacho Ajusco n.557, Col. Lomas de Padierna",DIF,MX,14240,-99.21,19.28,11
9196,Monte Pelvoux,"Monte Pelvoux No.210, Lomas Chapultepec",DIF,MX,11000,-99.2,19.43,12
9197,Calzada de Tlalpan,"Calzada de Tlalpan 564, Col Tlalpan Nativitas",DIF,MX,3500,-99.15,19.34,13
9198,SPA,"Rio Lerma n. 303, Col. Cuauhtemoc, Del. Cuauhtemoc",DIF,MX,6500,-99.18,19.43,14
9199,Miyana,"Moliere esquina Cervantes Saavedra, Moliere esq C. Saavedra Col Granada",DIF,MX,11510,-99.2,19.44,15
9200,Hospital Angeles Interlomas,"Vialidad de la Barranca No. 22, Col. Valle de las Palmas",DIF,MX,52763,-99.28,19.39,16
9201,Torre Polanco,"Mariano Escobedo No.476, Anzures",DIF,MX,11590,-99.18,19.43,17
9202,Oasis II - PA,"Avenida Universidad numero 1778, Col. Romero de Terreros, Del. Coyoacan",DIF,MX,4310,-99.18,19.35,18
9203,Patio Claveria,"Egipto #142 Col. Claveria, Delegacion Azcapotzalco",DIF,MX,2080,-99.18,19.46,19
9204,Antara II,"Av. Ejercito Nacional 843, Local H 103, Col. Granada Delegación Miguel Hidalgo",DIF,MX,,-99.2,19.44,20
9205,Bosque de Aragon,Av 510 n.340 Pueblo Sn Juan de Aragon,DIF,MX,7950,-99.08,19.47,21
9206,Plaza Rio San Joaquin,"Calzada Legaria N 549, Col. Diez de Abril",DIF,MX,11250,-99.21,19.45,22
9207,BBVA,Lago Alberto No. 320 Colonia Anahuac,DIF,MX,11320,-99.18,19.44,23
9208,Obrero Mundial,"Obrero Mundial 296 Narvarte, Benito Juarez",DIF,MX,3810,-99.16,19.4,24
9209,Roma Sur,"Monterrey n.330, Col., Roma Sur District",DIF,MX,6760,-99.16,19.41,25
9210,Punto Polanco,"Lago Alberto esquina Mariano Escobedo, Mariano Escobedo",DIF,MX,,-99.02,19.3,26
9211,SPA,"Av. Félix Cuevas n.274, Col. Del Valle",DIF,MX,3100,-99.17,19.37,27
9212,Corporativo BBVA Bancomer Reforma,"Av Paseo de la Reforma 510, Colonia Juarez",DIF,MX,6600,-99.17,19.42,28
9213,SPA,"Manzanas n. 40 Col Del Valle, Del. Benito Juarez",DIF,MX,3200,-99.18,19.37,29
9214,Tlalpan Hospitales,Tlalpan 4731 Col. Toriello Guerra,DIF,MX,14050,-99.16,19.29,30
9215,AICM T1 S21 and 22,Aeropuerto Intenacional de la Cd. Mex,DIF,MX,,-97.88,22.3,31
9216,PARQUE DELTA III,"Av. Cuauhtemoc 462, Col. Narvarte, Del. Benito Juarez",DIF,MX,3020,-99.16,19.4,32
9217,Patio Lomas Estrella,"Av. Tlahuac #4409, Col. Lomas Estrella",DIF,MX,9890,-99.09,19.32,33
9218,Torre Origami,"Av. Insurgentes Sur n.1458, Col., Local 2, Actipan District",DIF,MX,3230,-99.18,19.37,34
9219,Parque Toreo,"Blvd. Adolfo Lopez Mateos, Esquina Rio San Joaquin",DIF,MX,53398,-99.19,19.39,35
9220,Superama Santa Fe,Av. Tamaulipas No. 3000,DIF,MX,5340,-99.28,19.36,36
9221,Parques Polanco,Avenue Mariano Escobedo y Lago Alberto,DIF,MX,11320,-99.19,19.44,37
9222,Condesa II,"Michoacan #139, esq. Cuautla, Col. Condesa",DIF,MX,6140,-99.17,19.41,38
9223,Lomas Verdes II,"Super Avenida Lomas Verdes 1200, Fracc.",DIF,MX,,-99.27,19.51,39
9224,Moliere 222 II,"Moliere # 222 Col. Los Morales, Del. Miguel Hidalgo",DIF,MX,11540,-99.2,19.43,40
9225,Mazaryk Spencer,Av. Presidente Mazaryk #39,DIF,MX,11570,-99.18,19.43,41
9226,Homero,Av. Homero & E. Alan Poe,DIF,MX,3103,-99.2,19.44,42
9227,Torre del Angel Florencia,"Avenida Paseo de la Reforma, No. 342 Local 4  Col. Cuauhtemoc",DIF,MX,6600,-99.17,19.43,43
9228,Garden Santa Fe,"Dominguez, Colonia Centro de Cuidad, Santa Fe, Delegacion Alvaro Obregon",DIF,MX,23420,-99.19,19.39,44
9229,Park Plaza I,"Javier Barros Sierra, s/n Col Centro de Ciudad, Santa Fe",DIF,MX,1210,-99.26,19.37,45
9230,Prisma Insurgentes,"Av. Insurgentes Sur No. 1647, Col. San Jose Insurgentes",DIF,MX,3100,-99.18,19.36,46
9231,Londres,"107 Londres, Col. Juarez, Del. Cuauhtemoc",DIF,MX,6600,-99.16,19.43,47
9232,Masaryk Pasaje Polanco,"Presidente Masaryk #360 Col. Polanco, 19 Col. Polanco c.p., Del. Miguel Hidalg",DIF,MX,11560,-99.2,19.43,48
9233,Pabellon Azcapotzalco,"Nextengo 71, Azcapotzalco",DIF,MX,2070,-99.19,19.47,49
9234,Arboledas,Av. Jinetes No. 84,DIF,MX,52950,-99.22,19.56,50
9235,Balbuena,"Fray Servando Teresa de Mier No. 964, Jardin Balbuena, Venustiano Carranza",DIF,MX,15900,-99.1,19.42,51
9236,Montecitos WTC,"Montecito 38, Colonia Napoles, Delegacion Benito Juarez",DIF,MX,3810,-99.17,19.39,52
9237,Olivar de los Padres,"Av. Toluca #1086, Col.Olivar de los Padres, Alvaro Obregon",DIF,MX,1780,-99.24,19.34,53
9238,Plaza Oriente,"Canal de Tezontle 1520, Iztapalapa",DIF,MX,9020,-99.08,19.38,54
9239,Patio Universidad,"Av. Popocatepetl 540 esquina con av., Universidad 2038, Col. Xoco Delg. Coyoac",DIF,MX,3330,-99.15,19.36,55
9240,Zona Rosa,"Londres #127, Local #38, Plaza La Rosa",DIF,MX,6000,-99.16,19.43,56
9241,Division del Norte,"Av. Division del Norte No. 1746, Col. Portales",DIF,MX,3300,-99.16,19.37,57
9242,Amberes,"1A, Amberes Col. Juarez, Del. Cuauhtemoc",DIF,MX,6600,-99.17,19.43,58
9243,Juarez 32,"Juarez 30 Col Centro, Delegacion Cuauhtemoc",DIF,MX,6000,-98.22,19.05,59
9244,Corp. Coyoacan,"Avenida Coyoacan No. 1622, Local 101, Colonia Del Valle",DIF,MX,3100,-99.17,19.37,60
9245,Eduardo Molina,"Calzada San Juan De Aragon, No. Ext. 516, Col D M Nacional, Municipio O Delegacion",DIF,MX,7090,-99.08,19.47,61
9246,Embassy Suites Hotel,Av. Paseo de La Reforma # 69,DIF,MX,,-99.15,19.43,62
9247,Circuito Ingenieros,"Circuito Ingenieros # 11, Locales A y B,",DIF,MX,53100,-99.23,19.51,63
9248,Pabellon Polanco,"Av. Ejército Nacional 980, local K12, Col. Chapultepec Morales, Central Dist",DIF,MX,11510,-99.21,19.44,64
9249,Plaza La Hacienda,Prol Division del Nte 4344,DIF,MX,14300,-99.13,19.3,65
9250,Torre WTC,Montecitos No 38 N3 Local 03 Col Napoles,DIF,MX,3810,-99.17,19.39,66
9251,Castorena,"Jose Ma Castorena 320, Col. Villas Cuajimalpa",DIF,MX,5000,-99.29,19.36,67
9252,Jolie Place,"Av. De las Fuentes 425, local 6A",DIF,MX,1900,-99.21,19.32,68
9253,Santa Monica -,"Av. Juarez # 15, esq Convento de Acolman, Santa Monica",DIF,MX,55420,-99.23,19.53,69
9254,Parque Tezontle 2,1512 Avenue Canal de Tezontle,DIF,MX,9020,-99.08,19.38,70
9255,Centro Comercial Santa Fe,"Av. Vasco de Quiroga 3800, Local 255, Col. Antigua Mina La Totolapa",DIF,MX,5109,-99.28,19.36,71
9256,Insurgentes Sur Parroquia,"Insurgentes Sur #1405, Col. Insurgentes Mixcoac, Benito Juarez",DIF,MX,3910,-99.18,19.37,72
9257,Satelite Centro Civico,"Circuito Medicos # 45,  Ciudad Satelite",DIF,MX,53100,-99.23,19.51,73
9258,La Salle,47 Benjamin Franklin Hipodromo Condesa,DIF,MX,6140,-99.18,19.41,74
9259,Corporativo Banamex,"Act. Roberto Medellin 800 col Santa Fe, Del. Alvaro Obregon",DIF,MX,1210,-99.26,19.37,75
9260,Alfonso Reyes,"Alfonso Reyes 218 Colonia Hipodromo, Condesa, Delegacion Benito Juarez",DIF,MX,3920,-99.17,19.41,76
9261,Jurica,"Av 5 de Febrero 9200 Col Fraccionamiento, Zona Industrial Benito Juarez",DIF,MX,76100,-100.43,20.65,77
9262,Medica Sur Tlalpan,"150, Col. Toriello",DIF,MX,14050,-99.16,19.3,78
9263,5 de Mayo,"Av. 5 de mayo #19 Col. Centro, Delegacion Cuauhtemoc",DIF,MX,6000,-99.14,19.43,79
9264,Eugenia,"Eugenia #1,062",DIF,MX,3100,-99.17,19.39,80
9265,Mexfund Pedregal,"Periferico sur # 4132, Col. Jardines Del Pedregal",DIF,MX,19000,-99.21,19.31,81
9266,WTC,"Insurgentes Sur #729, local b Col. Napoles, Del. Benito Juarez",DIF,MX,3810,-99.17,19.39,82
9267,Bosques Horizontes,"Paseo de los Laureles #458 Col, Bosques de las Lomas",DIF,MX,5120,-99.25,19.39,83
9268,Plaza Delta,"Av. Cuauhtemoc esq. Obrero Mundial, Col. Narvarte",DIF,MX,3000,-99.15,19.4,84
9269,Los Atrios Antara Polanco,Ejercito Nacional #843,DIF,MX,11510,-99.2,19.44,85
9270,Plaza Central,"Avenida Canal Río Churubusco No. 1635, Colonia Central de Abastos",DIF,MX,9410,-99.1,19.38,86
9271,Torre Mexicana,"Xola 535 esquina Mier y Pesado, Col. Del Valle",DIF,MX,11560,-99.17,19.4,87
9272,Moliere 222,"Moliere # 222 Col. Los Morales, Del. Miguel Hidalgo",DIF,MX,11540,-99.2,19.43,88
9273,Nuevo Leon,Av. Nuevo Leon # 188,DIF,MX,6100,-99.17,19.41,89
9274,Corporativo Polanco,"Jaime Balmes #8, Local 4, Colonia Los Morales Polanco,",DIF,MX,,-99.21,19.44,90
9275,Centro Comercial Santa Fe 2,"Av. Vasco de Quiroga 3800, Local 155",DIF,MX,5109,-99.28,19.36,91
9276,Insurgentes La Joya,"Insurgentes Sur No. 4184 p.b. loc 1, Col. La Joya",DIF,MX,14000,-99.17,19.28,92
9277,Horacio,326 Horacio Plaza Cantera,DIF,MX,,-99.19,19.43,93
9278,MEX - Mexico City Airport T2 PA INT,"Capitan Carlos Leon s/n Colonia Penon, de los Banos",DIF,MX,15620,-99.08,19.42,94
9279,Angeles Acoxpa,"Av. Acoxpa No.430 Col. Ex Hacienda Coapa, Delegacion Tlalpan",DIF,MX,2430,-99.14,19.3,95
9280,Centro Medico ABC Santa Fe,"Av Carlos Graef Fernandez #154 Local P.B, Col. Cuajimalpa",DIF,MX,5000,-99.28,19.36,96
9281,Plaza Luis Cabrera,"Plaza Luis Cabrera # 5 Local 1, Col Roma",DIF,MX,6700,-99.16,19.42,97
9282,ITESM Mexico City Campus,Carr. Lago de Guadalupe Km. 3.5 Col. Mar,DIF,MX,52926,-99.23,19.59,98
9283,Portal Churbusco,"Av. Rio Churubusco No.583 Local B10, Col. Sector Popular",DIF,MX,9060,-99.12,19.37,99
9284,Plaza Inn,"Av. Insurgentes Sur #1971, Col. Guadalupe Inn",DIF,MX,1020,-99.19,19.35,100
9285,Pedregal,"Crater 709,  Col. Pedregal de San Angel",DIF,MX,1900,-99.21,19.32,101
9286,Uruguay,"Republica de Urugual No. 56, Col. Centro, Delegacion Cuauhtemoc",DIF,MX,6000,-99.14,19.43,102
9287,MEX - Aeropuerto Int Dufry,"Av. Capitan Carlos Leon s/n,",DIF,MX,15620,-99.08,19.42,103
9288,Patio Revolucion,"Av Revolucion No. 1817, Colonia San Angel, Del. Alvaro Obregon",DIF,MX,1000,-99.19,19.34,104
9289,Galerias Atizapan,"Circuito Jimenez Cantu, Atizapan de, Zaragoza",DIF,MX,52977,-99.27,19.55,105
9290,Miguel Angel Quevedo 2,Av. Miguel A. De Quevedo  # 624,DIF,MX,,-99.17,19.34,106
9291,Campos Eliseos,"Galileo no. 8 local 3 esq. Campos Eliseo, Miguel Hidalgo",DIF,MX,11590,-99.19,19.43,107
9292,Santa Fe,"Guillermo Gonzalez Camarena No. 2000, esq. Vasco de Quirogam Centro de Cd.",DIF,MX,1210,-99.28,19.36,108
9293,Salon Ejecutivo Mexicana T1,"Aeropuerto Intenacional de la Cd. Mex, Aeropuerto Intenacional de la Cd. Mex",DIF,MX,,-99.05,19.45,109
9294,Torre Diamante,"Av. Vasco de Quiroga No. 3900, Col. Santa Fe Cuajimalpa, Del Cuajimalpa",DIF,MX,5348,-99.28,19.36,110
9295,Jesus del Monte,Fraccion 7 y 8 del Lote 20,DIF,MX,52772,-99.3,19.38,111
9296,Palmas,Av. de Las Palmas 765,DIF,MX,,-99.22,19.43,112
9297,Patio Santa Fe,"Prolongacion Paseo de la Reforma 400, Pena Blanca Santa Fe, Alvaro Obregon",DIF,MX,1210,-99.26,19.38,113
9298,Zentralia Churubusco,"Avenida Rio Churubusco 1072, Colonia Nueva Rosita, Local No. 1, 2 y 3",DIF,MX,9420,-99.1,19.38,114
9299,MEX - Aeropuerto Nacional Sala B,"Av. Capitan Carlos Leon s/n, Sala B, Loc",DIF,MX,,-99.08,19.42,115
9300,Reforma Rio Marne,"Av. Passeo de La Reforma #195, Local 1, esq. Rio Marne",DIF,MX,6600,-99.16,19.43,116
9301,SPA,"Av. Santa Fe No. 495 PB Local 2, Col. Cruz Manca",DIF,MX,5349,-99.26,19.37,117
9302,Plaza Santa Teresa,"Adolfo Lopez Mateos 4020, Col. Jardines del Pedregal",DIF,MX,1900,-99.21,19.31,118
9303,Madero,"Madero #42 Col. Centro, Centro Historico district",DIF,MX,6000,-99.14,19.43,119
9304,222 Reforma,222 Avenue Reforma,DIF,MX,6600,-99.16,19.43,120
9305,SPA,"Av. Vasco de Quiroga #3800, Local 1,000, Santa Fe, Deleg. Cuajimalpa",DIF,MX,5109,-99.28,19.36,121
9306,Obelisco,247 Campo Eliseos,DIF,MX,11570,-99.2,19.43,122
9307,Carso Polanco I,"Lago Zurich s/n esq. Cervantes Saaverda, Col Ampliacion Granada Delegacion Miguel",DIF,MX,11529,-99.2,19.44,123
9308,Altavista-Mexico,Av. Altavista # 147 Local 1,DIF,MX,1060,-99.2,19.35,124
9309,Valle Dorado,"3130 Col. Valle Dorado, Blvd. Manuel Avita Camacho, Tlanepantla",DIF,MX,54020,-99.21,19.55,125
9310,City Center Esmeralda,"Via. Dr. Jimenez Cantu, Bosque Esmeralda, Atizapan de Zaragosa, Edo. Mex",DIF,MX,44279,-99.14,19.28,126
9311,Division del Norte,Division del Norte Ave 2590,DIF,MX,4120,-99.15,19.35,127
9312,Pilares,"Calle Pilares & Calle Pestalozzi, Coloni",DIF,MX,,-99.16,19.38,128
9313,MEX - Aeropuerto Cenca,"Av. Capitan Carlos Leon s/n, Sala E, Loc",DIF,MX,15620,-99.08,19.42,129
9314,Plaza America,"Benito Juarez No. 17 Local E, Colonia ExHacienda de Coapa",DIF,MX,4980,-99.14,19.31,130
9315,Ejercito Nacional,"Av. Ejercito Nacional # 579 P.B. 01, Col. Granada",DIF,MX,11520,-99.19,19.44,131
9316,San Jeronimo,"Av. Periferico Sur #, Centro Comercial San Jeronimo",DIF,MX,,-99.21,19.33,132
9317,Las Aguilas,"Calz. De los Leones #145, Locales 19 y 20 Col. Las Aguilas",DIF,MX,1710,-99.2,19.36,133
9318,Amsterdam,180 Sonora Avenue,DIF,MX,6170,-99.17,19.41,134
9319,Tecnoparque,Avenide Eje 5 Norte 990,DIF,MX,2230,-99.18,19.5,135
9320,Irrigacion,397 Avenue Miguel de Cervantes Saavedra,DIF,MX,11500,-98.96,19.22,136
9321,Torre Siglum,"Av. Insurgentes Sur No 1898 Local A, Col. Florida",DIF,MX,1030,-99.19,19.35,137
9322,MEX - Aeropuerto Sala Bravo,"Av. Capitan Carlos Leon s/n, Sala B",DIF,MX,15620,-99.08,19.44,138
9323,Parque Tezontle 1,1512 Avenue Canal de Tezontle,DIF,MX,9020,-99.08,19.38,139
9324,Parque Lindavista 2,"Colectores 13 No. 280, Col. Magdalena de las Salinas",DIF,MX,6600,-99.13,19.49,140
9325,Hospital Angeles Metropolitano,"Tlacotalpan No. 59, Col. Roma Sur",DIF,MX,6760,-99.17,19.41,141
9326,Torre Inverlat,Manuel Avila Camacho 1,DIF,MX,1100,-99.2,19.43,142
9327,Parque Lindavista 1,"Colectores 13 No. 280, Col. Magdalena de las Salinas",DIF,MX,6600,-99.13,19.49,143
9328,Tepepan,"Periferico Sur No. 4991 local 1, Col. Tepepan",DIF,MX,14610,-99.14,19.28,144
9329,Izcalli Mega,"Manzana C, # 24 B Av. 1 de Mayo, Col. Ce",DIF,MX,54740,-99.21,19.65,145
9330,222 Reforma 2,"222 Avenue Reforma, Col. Juarez. C.P.",DIF,MX,6600,-99.16,19.43,146
9331,City Walk,"Av. Santa Fe  482;  Col. Cruz Manca;, Del. Cuajimpala",DIF,MX,5300,-99.27,19.36,147
9332,Punta Norte,Autopista Chamapa-Lecheria S/N,DIF,MX,,-99.2,19.6,148
9333,Echegaray,Hacienda de Echegaray,DIF,MX,53120,-99.23,19.49,149
9334,El Rosario,"Av. Del Rosario No. 1025, Col El Rosario",DIF,MX,2430,-99.2,19.5,150
9335,Miguel Angel Quevedo 3,Av. Miguel Angel de Quevedo #287,DIF,MX,,-99.18,19.35,151
9336,Plaza Lilas,"Bosque de Lilas #92, Local,Centro Comerc",DIF,MX,,-99.25,19.39,152
9337,Insurgentes WTC -,"Montecito 38, Colonia Napoles District",DIF,MX,3810,-99.17,19.39,153
9338,Chapultepec Reforma,"Seccion 1RA,  Bosque de Chapultepec, Acceso Gratuitas",DIF,MX,11850,-99.18,19.42,154
9339,Super Plaza - Miramontes,"Av. Canal de Miramontes No. 2091, Col. Los Girasoles",DIF,MX,4920,-99.12,19.31,155
9340,Medica Sur II,"Puente de Piedra No. 150, Col. Torielo Guerra",DIF,MX,14050,-99.16,19.3,156
9341,Insurgentes Relox,"Av. Insurgentes Sur #2374., Col. Chimalistac",DIF,MX,4340,-99.19,19.34,157
9342,Americas Ecatepec,"Av. Central esq. Av. 1 de Mayo, Col. Jardines de Morelos, Ecatepec",DIF,MX,55070,-103.38,20.7,158
9343,C.C. Perisur,"Anillo Periferico No. 4690 Local 192, Ampliacion Pedregal de San Angel",DIF,MX,4500,-99.19,19.3,159
9344,Xola,Xola No.1159 Col. Narvarte,DIF,MX,3020,-99.16,19.4,160
9345,One o One,"Juan Salvador Agraz 61, Col. Santa Fe, Cuajimalpa",DIF,MX,5300,-99.28,19.36,161
9346,C.M Mixcoac,"Revolucion 780, Col. Mixcoac",DIF,MX,3730,-99.19,19.38,162
9347,Gabriel Mancera,"Av. Gabriel Mancera #1,357, Local 1",DIF,MX,53290,-99.17,19.37,163
9348,Metropoli Patriotismo,Av. Patriotismo #229,DIF,MX,,-99.18,19.4,164
9349,Santa Fe IMAX,Lateral Autopista Mexico-Toluca #1235,DIF,MX,54054,-99.28,19.36,165
9350,Samara I,"Ave Santa Fe No 94 Col Zedec Santa Fe, Office Tower",DIF,MX,11560,-99.26,19.37,166
9351,Jardines del Pedregal,"Av. San Jeronimo No. 240, Col. Jardines del Pedregal",DIF,MX,1900,-99.2,19.34,167
9352,Universidad Anahuac,"Av. Lomas Anahuac, s/n., Lomas Anahuac,  Huixquilucan",DIF,MX,52786,-99.27,19.4,168
9353,SPA,"Calzada Taxquena No. 1475, Colonia Campestre Churubusco",DIF,MX,4200,-99.13,19.34,169
9354,HSBC Corporate,"Av Paseo de la Reforma 347 esq Rio Tiber, Colonia Juarez, Delegacion Cuauhtemoc",DIF,MX,6600,-99.17,19.43,170
9355,Felix Cuevas,"Felix Cuevas #6, esq Insurgentes Sur",DIF,MX,3200,-99.18,19.37,171
9356,Alameda,"Av. Juarez No. 76, Col. Centro",DIF,MX,6050,-99.15,19.44,172
9357,Coapa Chedraui,"Calzada del Hueso # 670, Local 32-35, Col. Los Robles",DIF,MX,4780,-99.12,19.3,173
9358,MEX - Mexico City Airport T2 Lleg,"Capitan Carlos Leon s/n Colonia Penon, de los Banos",DIF,MX,15620,-99.08,19.42,174
9359,Prado Norte,"Prado Norte #324 Local 2 manzana 16, lote 15 Col. Lomas de Chapultepec",DIF,MX,11000,-99.21,19.43,175
9360,Bolsa Mexicana de Valores,"Av. Paseo de La reforma # 255, Co. Cuauhtemoc",DIF,MX,6500,-99.16,19.43,176
9361,Centro Coyoacan,"Av. Coyoacan #2000, Local 201-A, Colonia",DIF,MX,,-99.17,19.36,177
9362,Ampliacion Santa Fe III,"Av. Vasco de Quiroga 3800 loc. 255, Col Antigua Mina di Totolapa",DIF,MX,1210,-99.28,19.36,178
9363,Cuidad Jardin,Avenue Bordo de Xochiaca,DIF,MX,57310,-99.02,19.42,179
9364,San Jose Insurgentes,Damas # 130 Col. San Jose Insurgentes,DIF,MX,3900,-99.18,19.36,180
9365,MEX - Mexico City Airport T2 PA NAC,"Capitan Carlos Leon s/n Colonia Penon, de los Banos",DIF,MX,15620,-99.08,19.42,181
9366,Medica Sur Lomas,Acueducto Rio Hondo # 20 Col. Virreyes,DIF,MX,11000,-99.21,19.42,182
9367,Parque Duraznos,"Bosque de Duraznos, No. 39, Col Bosques de las Lomas, Miguel Hidalgo",DIF,MX,11700,-99.24,19.4,183
9368,Universidad 767,"Av. Universidad No. 757 Col. Del Valle, Delegacion Benito Juarez",DIF,MX,3100,-99.16,19.38,184
9369,Fiesta Americana Reforma,"80 Avenue Pase de la Reforma, P.B. Col. Juarez",DIF,MX,6600,-99.15,19.43,185
9370,Bellavista,"Av. De las Fuentes #1-A,",DIF,MX,54054,-99.25,19.52,186
9371,Galerias Coapa (Dead),"Calzada Del Hueso No. 519, Col Residensial Acoxpa. Local 189",DIF,MX,14390,-99.12,19.3,187
9372,Tlacoquermecatl,191 Tlacoquermecatl Col. Del Valle,DIF,MX,3100,-99.17,19.38,188
9373,Durango,"Durango # 205, Local 01 Col. Roma C.P",DIF,MX,6700,-99.16,19.42,189
9374,Reforma Varsovia,"Av. Paseo de la Reforma # 374, Local 2",DIF,MX,6600,-99.17,19.43,190
9375,Insurgentes Juan Pablo,"Insurgentes Sur #1743, Pb Col. Napoles, Del. Benito Juarez",DIF,MX,1020,-99.18,19.36,191
9376,Plaza Delta II,"Av. Cuauhtemoc 462, Parque Delta",DIF,MX,3020,-99.16,19.4,192
9377,Santa Teresa,"Camino a Santa Teresa #13, Col: Heroes de Padierna,",DIF,MX,,-99.22,19.31,193
9378,Gran Sur,"Av. del Iman # 151, Local  98",DIF,MX,4739,-99.16,19.31,194
9379,Vista Hermosa,"Av. Camino al Olivo No. 22, Col. Lomas de Vistahermosa",DIF,MX,5100,-99.28,19.37,195
9380,Pennsylvania,"Pennsylvania #143 Col. Napoles, Delegacion Benito Juarez",DIF,MX,3810,-99.18,19.39,196
9381,Reforma Angel Sheraton,"Av. Paseo de la Reforma no. 325, local 2, 3, 4 y 5 Col. Cuauhtemoc c.p.",DIF,MX,6500,-99.17,19.43,197
9382,Hospital Angeles Pedregal I,"Camino a Santa Teresa 1055, Col Heroes de Padierna",DIF,MX,10700,-99.22,19.31,198
9383,Plaza Universidad,Av Universidad 1000  Sta Cruz B juarez,DIF,MX,3310,-99.15,19.37,199
9384,Torres Lindavista,"Av Othon de Mendizabal No 343, Loc Z-100-B",DIF,MX,7700,-99.15,19.51,200
9385,Tamaulipas,"Av. Tamaulipas No. 55, loc. 101, Col. Condesa",DIF,MX,6140,-99.17,19.41,201
9386,Magnocentro,"Blvrd. Magnocentro, Lote 2, Mz 1",DIF,MX,,-99.27,19.41,202
9387,Via Acoxpa,"Calzada Acoxpa No. 438 Col. Prado Coapa, Deleg. Coyoacan",DIF,MX,14300,-99.14,19.3,203
9388,Samara II,"Ave Santa Fe No. 94, Col Zedec Santa Fe",DIF,MX,11560,-99.26,19.37,204
9389,Tuxpan 53,"Tuxpan #53 esquina Tehuantepec, Col. Roma",DIF,MX,6760,-99.16,19.41,205
9390,Santa Fe 2,"Guillermo Gonzalez Camarena 1500, Loc 1, Centro de Cd. Santa Fe",DIF,MX,1210,-99.26,19.37,206
9391,Pestalozzi,"Pestalozzi No. 1166 Local 1, Del Valle Centro District",DIF,MX,3100,-99.16,19.38,207
9392,Torre Mayor,"Av. Paseo de la Reforma, no. 505 local PB-11",DIF,MX,6500,-99.18,19.42,208
9393,San Mateo Shopping Center,201 Avenue Adolfo Lopez Mateos,DIF,MX,53140,-99.25,19.48,209
9394,Lomas Plaza,"Blvd. Manuel Avila Camacho #50 y 66, Locales B02 y B03",DIF,MX,6110,-99.21,19.43,210
9395,MEX - Aeropuerto Internacional II,"Av. Capitan Carlos Leon s/n, Sala E, Col",DIF,MX,15620,-99.08,19.42,211
9396,Torre Caballito,"Paseo de la Reforma 10, Col. Tabacalera, Del. Cuauhtemoc",DIF,MX,6030,-99.15,19.44,212
9397,16 de Septiembre,"16 de septiembre # 79 , Local 102",DIF,MX,,-99.1,19.33,213
9398,Marina Nacional,"Bahia San Hipolito 43 Locales 1 y 2, Colonia Anahuac",DIF,MX,11320,-99.18,19.44,214
9399,Tezoquipa,"Calzada de Tlalpan 4998 Col. La Joya, Del. Tlalpan",DIF,MX,14090,-99.16,19.28,215
9400,Plateros,A Lopez Mateos 1701 Plateros A Obregón,DIF,MX,1480,-99.19,19.37,216
9401,Grand San Jeronimo,"Calle Iglesia 270 Esq. Av Rio Magdalena, Col. Tizapan de San Angel Del A. Obregon",DIF,MX,1090,-99.2,19.34,217
9402,Tlalpan Nativitas,"Calz de Tlalpan 1037 Col Americas Unidas, Del. Benito Juarez",DIF,MX,,-99.14,19.38,218
9403,Carracci,"Carracci n. 3 esq. Av. Patriotismo, Col. San Juan Mixcoac",DIF,MX,3730,-99.18,19.41,219
9404,Capital Reforma II,"Reforma 250 esq. Niza Col Cuauhtemoc, Reforma 250 esq. Niza Col Cuauhtemoc",DIF,MX,6600,-99.16,19.43,220
9405,Copilco 20,"Enriquez Urena 20 Col Los Reyes Coyoacan, Del. Coyoacan",DIF,MX,4330,-99.16,19.34,221
9406,Plaza Exhibimex,"Calle 10 N-132 San Pedro de los Pinos, Del Alvaro Obregón",DIF,MX,1280,-99.19,19.39,222
9407,Galerias Insurgentes II,"Av Insurgentes sur esquina Parroquia, Parroquia 194, Colonia del Valle.",DIF,MX,3230,-99.18,19.37,223
9408,Forum Buenavista II,"Eje 1 Nte Mosqueta 259 Buenavista, Eje 1 Nte Mosqueta 259 Buenavista",DIF,MX,6350,-99.15,19.45,224
9409,"Shiller, Masaryk 111","Shiller esquina Masaryk 111, Polanco, Shiller esquina Masaryk 111, Polanco",DIF,MX,11550,-99.19,19.43,225
9410,Axomiatla II,"Calz. Las Aguilas 1953 Col. Axomiatla, Del. Alvaro Obregon",DIF,MX,11520,-99.25,19.34,226
9411,Plaza Basica,"Av. Leyes de Reforma esq. Baratillo, Col. Ejidos del Moral Del. Iztapalapa",DIF,MX,9040,-99.09,19.38,227
9412,Reforma 180,"Paseo de la Reforma 180, Reforma esquina Insurgentes",DIF,MX,6600,-99.16,19.43,228
